{
  "autoencoder_output_loss": [
    0.6735554337501526,
    0.6317117810249329,
    0.6168511509895325,
    0.6073946952819824,
    0.6002145409584045,
    0.5934187769889832,
    0.5868231654167175,
    0.5799421668052673,
    0.5733113288879395,
    0.5676321387290955,
    0.5628833174705505,
    0.5586758852005005,
    0.5548719763755798,
    0.5518617630004883,
    0.5489957928657532,
    0.5466220378875732,
    0.5439989566802979,
    0.5392221212387085
  ],
  "autoencoder_output_mse": [
    0.6726533770561218,
    0.6307929754257202,
    0.6159276962280273,
    0.6064717769622803,
    0.5992875695228577,
    0.5924824476242065,
    0.5858793258666992,
    0.5790249705314636,
    0.5723885893821716,
    0.5667005777359009,
    0.5619532465934753,
    0.5577528476715088,
    0.5539307594299316,
    0.5509178042411804,
    0.5480602979660034,
    0.5456854104995728,
    0.5430468320846558,
    0.538292646408081
  ],
  "classifier_output_accuracy": [
    0.9442434906959534,
    0.9646829962730408,
    0.9691134095191956,
    0.9707704186439514,
    0.971795916557312,
    0.9733569025993347,
    0.9738873243331909,
    0.9751906991004944,
    0.9760040640830994,
    0.9763475656509399,
    0.9774185419082642,
    0.9779136180877686,
    0.9783985614776611,
    0.9788482189178467,
    0.9791159629821777,
    0.9795251488685608,
    0.980040431022644,
    0.9820257425308228
  ],
  "classifier_output_auc": [
    0.9704942107200623,
    0.9825361967086792,
    0.986315131187439,
    0.9883624911308289,
    0.9898533821105957,
    0.9910570979118347,
    0.9918804168701172,
    0.9929701089859009,
    0.9936883449554443,
    0.9941310882568359,
    0.9945715069770813,
    0.9950002431869507,
    0.9952611923217773,
    0.995603084564209,
    0.995759904384613,
    0.9960992336273193,
    0.9962865710258484,
    0.9970493316650391
  ],
  "classifier_output_loss": [
    0.1973528265953064,
    0.1429387331008911,
    0.12595145404338837,
    0.11714114248752594,
    0.10979080200195312,
    0.10343804955482483,
    0.09880591928958893,
    0.09281850606203079,
    0.08834457397460938,
    0.08538772910833359,
    0.08205419033765793,
    0.07958046346902847,
    0.07718983292579651,
    0.07474205642938614,
    0.07337505370378494,
    0.07094724476337433,
    0.06902096420526505,
    0.06191543489694595
  ],
  "classifier_output_precision": [
    0.8857632279396057,
    0.9360955357551575,
    0.9450755715370178,
    0.9469417929649353,
    0.9472292065620422,
    0.9497029185295105,
    0.9495749473571777,
    0.950925350189209,
    0.9524643421173096,
    0.9523847103118896,
    0.9548698663711548,
    0.954921543598175,
    0.956091046333313,
    0.9566752910614014,
    0.9572644233703613,
    0.9579498767852783,
    0.958652138710022,
    0.962996780872345
  ],
  "classifier_output_recall": [
    0.8957972526550293,
    0.9238885641098022,
    0.9324693083763123,
    0.9373270273208618,
    0.9412888884544373,
    0.9450516700744629,
    0.9474009275436401,
    0.9513229131698608,
    0.9529953002929688,
    0.954508364200592,
    0.9562005996704102,
    0.958191454410553,
    0.958908200263977,
    0.9601226449012756,
    0.9605805277824402,
    0.961516261100769,
    0.9628700613975525,
    0.9662943482398987
  ],
  "loss": [
    0.3989905118942261,
    0.3322233259677887,
    0.3106729984283447,
    0.29909762740135193,
    0.2895794212818146,
    0.2812446355819702,
    0.2746342420578003,
    0.26658129692077637,
    0.2600969970226288,
    0.2554340660572052,
    0.2507023811340332,
    0.2469460815191269,
    0.24335680902004242,
    0.24005445837974548,
    0.23784500360488892,
    0.23471175134181976,
    0.23197363317012787,
    0.2233959436416626
  ],
  "val_autoencoder_output_loss": [
    1.286265254020691,
    1.266226053237915,
    1.2524524927139282,
    1.2442219257354736,
    1.2353161573410034,
    1.226772665977478,
    1.2182514667510986,
    1.208466649055481,
    1.200661301612854,
    1.195503830909729,
    1.1957075595855713,
    1.1860851049423218,
    1.1835417747497559,
    1.178358554840088,
    1.1762107610702515,
    1.1738176345825195,
    1.17003333568573,
    1.1673341989517212
  ],
  "val_autoencoder_output_mse": [
    1.2879869937896729,
    1.2679282426834106,
    1.254143238067627,
    1.2459076642990112,
    1.2369970083236694,
    1.2284488677978516,
    1.2199296951293945,
    1.2101434469223022,
    1.2023378610610962,
    1.1971853971481323,
    1.1973823308944702,
    1.187761902809143,
    1.1852264404296875,
    1.1800395250320435,
    1.1778879165649414,
    1.1754999160766602,
    1.17171049118042,
    1.1690150499343872
  ],
  "val_classifier_output_accuracy": [
    0.9650620222091675,
    0.9696590900421143,
    0.972393810749054,
    0.9739261865615845,
    0.9752699136734009,
    0.9744684100151062,
    0.9744919538497925,
    0.9755057096481323,
    0.975600004196167,
    0.9776038527488708,
    0.9768730401992798,
    0.9776273965835571,
    0.9732189178466797,
    0.9763779640197754,
    0.9780753254890442,
    0.9776745438575745,
    0.978358268737793,
    0.9783111214637756
  ],
  "val_classifier_output_auc": [
    0.9833099842071533,
    0.9872905611991882,
    0.9892768263816833,
    0.9903131723403931,
    0.9908542633056641,
    0.9907469153404236,
    0.991933286190033,
    0.9918175935745239,
    0.9924513101577759,
    0.9922302961349487,
    0.992407500743866,
    0.9921941161155701,
    0.993280291557312,
    0.993000864982605,
    0.9925518035888672,
    0.9919423460960388,
    0.9919006824493408,
    0.9927602410316467
  ],
  "val_classifier_output_loss": [
    0.13986660540103912,
    0.12243540585041046,
    0.11200813204050064,
    0.10812471807003021,
    0.10627975314855576,
    0.10416340827941895,
    0.09812327474355698,
    0.10163827985525131,
    0.09570637345314026,
    0.09805820882320404,
    0.09763976186513901,
    0.09971565008163452,
    0.09216558188199997,
    0.09152832627296448,
    0.09506964683532715,
    0.10036651045084,
    0.10182331502437592,
    0.09327578544616699
  ],
  "val_classifier_output_precision": [
    0.9374116063117981,
    0.9460553526878357,
    0.9521116018295288,
    0.9601638913154602,
    0.9642515778541565,
    0.9559155702590942,
    0.9528487324714661,
    0.9599810838699341,
    0.9561140537261963,
    0.9676865935325623,
    0.960980236530304,
    0.9664448499679565,
    0.940031111240387,
    0.9557381868362427,
    0.965093195438385,
    0.9626696705818176,
    0.9658370614051819,
    0.9592236876487732
  ],
  "val_classifier_output_recall": [
    0.9239988923072815,
    0.9336616396903992,
    0.9384000897407532,
    0.9360772967338562,
    0.9372851252555847,
    0.9428597688674927,
    0.9462975263595581,
    0.9427669048309326,
    0.947319507598877,
    0.943231463432312,
    0.947319507598877,
    0.9446250796318054,
    0.9554027915000916,
    0.9509430527687073,
    0.9478769898414612,
    0.94880610704422,
    0.9482486248016357,
    0.955124020576477
  ],
  "val_loss": [
    0.5263656973838806,
    0.5028971433639526,
    0.4883236587047577,
    0.4819703996181488,
    0.47746554017066956,
    0.47275060415267944,
    0.4641684591770172,
    0.4647633135318756,
    0.45649808645248413,
    0.45725733041763306,
    0.4569058120250702,
    0.4561033546924591,
    0.447772353887558,
    0.4456040561199188,
    0.4485247731208801,
    0.4531082808971405,
    0.4534497559070587,
    0.44408416748046875
  ],
  "learning_rate": [
    0.0010000000474974513,
    0.0010000000474974513,
    0.0010000000474974513,
    0.0010000000474974513,
    0.0010000000474974513,
    0.0010000000474974513,
    0.0010000000474974513,
    0.0010000000474974513,
    0.0010000000474974513,
    0.0010000000474974513,
    0.0010000000474974513,
    0.0010000000474974513,
    0.0010000000474974513,
    0.0010000000474974513,
    0.0010000000474974513,
    0.0010000000474974513,
    0.0010000000474974513,
    0.0005000000237487257
  ]
}